,,Conservative,,Labour,,LD,,UKIP,,SDP,TIG,,BXP,,Green,,,Lead,,,,,,
,GE,43.5,,28.3,,26.0,,,,,,,,,,,,15.2,,,,,,
1983,Jun-83,43.0,,27.0,,29.0,,,,,,,,,,,,16.0,,,,,,
,Jul-83,44.8,1.8,28.6,1.6,25.1,-3.9,,,,,,,,,,,16.2,0.2,,,,,
,Aug-83,45.7,0.9,27.4,-1.3,25.5,0.4,,,,,,,,,,,18.3,2.1,,,,,
,Sep-83,45.5,-0.1,26.7,-0.7,26.3,0.7,,,,,,,,,,,18.9,0.6,,,,,
,Oct-83,42.4,-3.2,35.4,8.7,20.8,-5.5,,,,,,,,,,,7.0,-11.9,,,,,
,Nov-83,42.8,0.4,35.1,-0.3,20.6,-0.2,,,,,,,,,,,7.7,0.7,,,,,
,Dec-83,41.9,-0.9,37.3,2.2,19.3,-1.3,,,,,,,,,,,4.6,-3.1,,,,,
1984,Jan-84,42.9,1.0,36.5,-0.8,18.8,-0.5,,,,,,,,,,,6.4,1.8,,,,,
,Feb-84,42.4,-0.5,36.7,0.2,19.0,0.3,,,,,,,,,,,5.7,-0.7,,,,,
,Mar-84,39.9,-2.6,39.9,3.2,18.8,-0.2,,,,,,,,,,,-0.1,-5.8,,,,,
,Apr-84,40.7,0.8,37.4,-2.6,20.3,1.5,,,,,,,,,,,3.3,3.4,,,,,
,May-84,39.8,-0.9,36.8,-0.6,21.8,1.5,,,,,,,,,,,3.0,-0.3,,,,,
,Jun-84,39.2,-0.6,38.0,1.3,21.2,-0.6,,,,,,,,,,,1.2,-1.8,,,,,
,Jul-84,37.2,-2.0,38.5,0.5,22.3,1.1,,,,,,,,,,,-1.3,-2.5,,,,,
,Aug-84,38.2,1.0,38.8,0.3,21.2,-1.1,,,,,,,,,,,-0.6,0.7,,,,,
,Sep-84,39.8,1.6,36.9,-1.9,21.3,0.1,,,,,,,,,,,2.9,3.5,,,,,
,Oct-84,41.9,2.1,34.5,-2.4,21.6,0.3,,,,,,,,,,,7.4,4.5,,,,,
,Nov-84,43.8,1.8,32.7,-1.9,21.8,0.2,,,,,,,,,,,11.1,3.7,,,,,
,Dec-84,40.3,-3.5,34.1,1.5,24.0,2.1,,,,,,,,,,,6.2,-5.0,,,,,
1985,Jan-85,38.8,-1.5,34.5,0.4,24.9,0.9,,,,,,,,,,,4.3,-1.9,,,,,
,Feb-85,37.5,-1.3,35.8,1.3,24.9,0.0,,,,,,,,,,,1.7,-2.6,,,,,
,Mar-85,36.2,-1.3,37.9,2.1,23.8,-1.2,,,,,,,,,,,-1.8,-3.4,,,,,
,Apr-85,36.2,0.1,37.4,-0.5,24.9,1.1,,,,,,,,,,,-1.2,0.6,,,,,
,May-85,31.7,-4.5,35.1,-2.3,31.3,6.5,,,,,,,,,,,-3.3,-2.2,,,,,
,Jun-85,33.4,1.6,36.4,1.3,29.0,-2.3,,,,,,,,,,,-3.0,0.3,,,,,
,Jul-85,30.9,-2.4,35.3,-1.2,31.8,2.8,,,,,,,,,,,-4.3,-1.3,,,,,
,Aug-85,29.8,-1.1,36.4,1.2,32.0,0.2,,,,,,,,,,,-6.6,-2.3,,,,,
,Sep-85,31.5,1.7,33.3,-3.2,33.2,1.2,,,,,,,,,,,-1.8,4.9,,,,,
,Oct-85,34.2,2.7,36.0,2.7,27.9,-5.2,,,,,,,,,,,-1.8,-0.0,,,,,
,Nov-85,35.0,0.8,35.0,-1.0,27.8,-0.1,,,,,,,,,,,0.0,1.8,,,,,
,Dec-85,34.3,-0.7,33.5,-1.5,30.2,2.3,,,,,,,,,,,0.8,0.8,,,,,
1986,Jan-86,31.3,-3.1,34.9,1.4,31.5,1.4,,,,,,,,,,,-3.6,-4.5,,,,,
,Feb-86,30.6,-0.7,36.2,1.3,31.6,0.1,,,,,,,,,,,-5.6,-1.9,,,,,
,Mar-86,31.8,1.2,35.8,-0.4,30.5,-1.2,,,,,,,,,,,-4.0,1.6,,,,,
,Apr-86,31.9,0.1,37.6,1.9,28.1,-2.3,,,,,,,,,,,-5.8,-1.8,,,,,
,May-86,31.4,-0.5,38.5,0.9,27.5,-0.6,,,,,,,,,,,-7.1,-1.3,,,,,
,Jun-86,33.0,1.6,39.5,1.0,24.6,-2.9,,,,,,,,,,,-6.5,0.6,,,,,
,Jul-86,32.3,-0.7,39.0,-0.5,26.5,1.9,,,,,,,,,,,-6.7,-0.2,,,,,
,Aug-86,33.7,1.4,37.4,-1.6,26.0,-0.5,,,,,,,,,,,-3.6,3.1,,,,,
,Sep-86,33.9,0.2,38.8,1.4,25.4,-0.6,,,,,,,,,,,-4.9,-1.2,,,,,
,Oct-86,38.0,4.1,39.1,0.4,20.6,-4.8,,,,,,,,,,,-1.1,3.8,,,,,
,Nov-86,38.3,0.2,39.4,0.3,19.8,-0.8,,,,,,,,,,,-1.1,-0.0,,,,,
,Dec-86,40.2,1.9,36.3,-3.1,21.4,1.6,,,,,,,,,,,3.9,5.0,,,,,
1987,Jan-87,39.0,-1.1,37.8,1.5,21.0,-0.4,,,,,,,,,,,1.3,-2.6,,,,,
,Feb-87,38.3,-0.7,35.0,-2.7,24.8,3.8,,,,,,,,,,,3.3,2.0,,,,,
,Mar-87,38.5,0.2,31.0,-4.0,28.6,3.9,,,,,,,,,,,7.5,4.2,,,,,
,Apr-87,40.8,2.3,30.5,-0.5,26.3,-2.3,,,,,,,,,,,10.3,2.8,,,,,
,May-87,42.6,1.8,32.5,2.0,22.9,-3.4,,,,,,,,,,,10.1,-0.2,,,,,
,Jun-87,42.8,0.1,34.1,1.5,21.4,-1.4,,,,,,,,,,,8.7,-1.4,,,,,
,GE,43.3,,31.5,,23.1,,,,,,,,,,,,11.8,,,,,,
,Jun-87,45.5,,32.0,,20.0,,,,,,,,,,,,13.5,,,,,,
,Jul-87,47.2,1.7,33.0,1.0,18.2,-1.8,,,,,,,,,,,14.2,0.7,,,,,
,Aug-87,47.6,0.5,34.4,1.4,16.1,-2.0,,,,,,,,,,,13.3,-0.9,,,,,
,Sep-87,47.6,-0.0,34.7,0.3,15.0,-1.1,,,,,,,,,,,12.9,-0.4,,,,,
,Oct-87,47.8,0.2,35.5,0.8,13.9,-1.1,,,,,,,,,,,12.3,-0.6,,,,,
,Nov-87,48.5,0.7,35.0,-0.5,14.3,0.4,,,,,,,,,,,13.5,1.2,,,,,
,Dec-87,47.1,-1.4,35.6,0.6,14.8,0.4,,,,,,,,,,,11.5,-2.0,,,,,
1988,Jan-88,45.9,-1.2,37.6,2.0,13.6,-1.2,,,,,,,,,,,8.3,-3.2,,,,,
,Feb-88,45.2,-0.7,39.3,1.7,12.3,-1.3,,,4.0,,,,,,,,5.8,-2.5,,,,,
,Mar-88,45.0,-0.2,38.5,-0.8,10.7,-1.6,,,4.5,,,,,,,,6.5,0.7,,,,,
,Apr-88,43.3,-1.7,40.1,1.6,10.0,-0.7,,,4.7,,,,,,,,3.2,-3.3,,,,,
,May-88,43.4,0.1,40.0,-0.1,7.9,-2.1,,,5.4,,,,,,,,3.4,0.2,,,,,
,Jun-88,46.0,2.6,38.5,-1.5,8.3,0.4,,,3.9,,,,,,,,7.5,4.1,,,,,
,Jul-88,45.6,-0.4,40.0,1.5,8.0,-0.3,,,4.3,,,,,,,,5.6,-1.9,,,,,
,Aug-88,46.9,1.3,35.9,-4.1,8.5,0.5,,,4.8,,,,,,,,11.0,5.4,,,,,
,Sep-88,44.9,-2.0,38.5,2.6,9.2,0.7,,,4.3,,,,,,,,6.4,-4.6,,,,,
,Oct-88,45.7,0.8,37.9,-0.6,8.3,-0.9,,,4.3,,,,,,,,7.8,1.5,,,,,
,Nov-88,42.8,-2.9,37.6,-0.3,9.8,1.5,,,4.8,,,,,,,,5.2,-2.6,,,,,
,Dec-88,44.2,1.4,36.2,-1.5,9.4,-0.5,,,5.8,,,,,,,,8.0,2.8,,,,,
1989,Jan-89,45.2,1.1,37.1,0.9,9.6,0.2,,,4.5,,,,,,,,8.2,0.1,,,,,
,Feb-89,41.1,-4.1,38.7,1.7,9.6,0.0,,,5.8,,,,,,,,2.4,-5.8,,,,,
,Mar-89,41.0,-0.0,39.0,0.2,8.7,-0.9,,,5.4,,,,,,,,2.1,-0.3,,,,,
,Apr-89,41.7,0.6,38.7,-0.3,9.1,0.3,,,6.1,,,,,,,,3.0,0.9,,,,,
,May-89,41.5,-0.2,42.5,3.8,7.5,-1.5,,,3.3,,,,,,,,-1.0,-3.9,,,,,
,Jun-89,36.9,-4.6,44.3,1.8,6.3,-1.3,,,3.4,,,,,,,,-7.4,-6.4,,,,,
,Jul-89,36.8,-0.2,42.9,-1.4,5.5,-0.8,,,3.5,,,,,8.8,,,-6.1,1.3,,,,,
,Aug-89,37.3,0.5,43.7,0.8,5.9,0.4,,,3.0,,,,,7.6,,,-6.4,-0.3,,,,,
,Sep-89,37.0,-0.2,43.3,-0.4,6.3,0.4,,,3.1,,,,,7.8,,,-6.3,0.1,,,,,
,Oct-89,37.2,0.2,47.8,4.5,5.3,-1.0,,,2.2,,,,,5.3,,,-10.6,-4.3,,,,,
,Nov-89,37.2,-0.1,46.6,-1.2,6.3,1.0,,,2.8,,,,,4.7,,,-9.4,1.1,,,,,
,Dec-89,38.4,1.2,46.4,-0.2,5.4,-0.9,,,2.8,,,,,4.4,,,-8.0,1.4,,,,,
1990,Jan-90,36.7,-1.7,47.1,0.7,6.0,0.6,,,3.0,,,,,5.0,,,-10.4,-2.4,,,,,
,Feb-90,34.5,-2.2,48.8,1.7,6.4,0.4,,,3.1,,,,,4.9,,,-14.3,-3.9,,,,,
,Mar-90,30.4,-4.1,52.4,3.6,6.5,0.1,,,3.0,,,,,5.3,,,-22.0,-7.7,,,,,
,Apr-90,30.8,0.4,52.5,0.1,6.5,-0.1,,,2.8,,,,,4.9,,,-21.7,0.3,,,,,
,May-90,33.6,2.8,49.1,-3.5,7.6,1.1,,,2.5,,,,,4.6,,,-15.5,6.2,,,,,
,Jun-90,36.4,2.8,49.1,0.0,7.5,-0.1,,,,,,,,4.4,,,-12.6,2.8,,,,,
,Jul-90,35.7,-0.7,48.7,-0.3,8.7,1.1,,,,,,,,4.4,,,-13.0,-0.4,,,,,
,Aug-90,36.6,0.8,48.1,-0.7,8.2,-0.5,,,,,,,,4.0,,,-11.5,1.5,,,,,
,Sep-90,35.0,-1.6,46.5,-1.6,11.8,3.6,,,,,,,,3.7,,,-11.5,0.0,,,,,
,Oct-90,34.0,-1.0,45.9,-0.5,13.4,1.6,,,,,,,,3.7,,,-12.0,-0.5,,,,,
,Nov-90,39.8,5.8,44.0,-2.0,11.2,-2.3,,,,,,,,2.7,,,-4.2,7.8,,,,,
,Dec-90,44.1,4.3,41.6,-2.4,9.3,-1.8,,,,,,,,2.2,,,2.5,6.7,,,,,
1991,Jan-91,44.4,0.3,41.1,-0.5,9.4,0.1,,,,,,,,2.5,,,3.3,0.8,,,,,
,Feb-91,45.2,0.8,40.4,-0.7,9.5,0.1,,,,,,,,2.4,,,4.9,1.6,,,,,
,Mar-91,40.7,-4.6,38.4,-2.0,15.5,6.0,,,,,,,,2.1,,,2.3,-2.5,,,,,
,Apr-91,41.0,0.3,39.6,1.2,14.9,-0.6,,,,,,,,2.0,,,1.4,-0.9,,,,,
,May-91,36.9,-4.1,41.6,2.1,17.2,2.3,,,,,,,,2.0,,,-4.8,-6.1,,,,,
,Jun-91,37.3,0.5,42.2,0.6,15.7,-1.5,,,,,,,,1.3,,,-4.9,-0.1,,,,,
,Jul-91,37.5,0.2,42.5,0.3,15.1,-0.6,,,,,,,,2.1,,,-5.0,-0.1,,,,,
,Aug-91,39.1,1.6,40.9,-1.6,15.0,-0.2,,,,,,,,2.2,,,-1.7,3.3,,,,,
,Sep-91,40.3,1.2,39.4,-1.4,15.2,0.3,,,,,,,,1.8,,,0.9,2.6,,,,,
,Oct-91,39.0,-1.3,43.6,4.2,13.3,-1.9,,,,,,,,1.5,,,-4.6,-5.5,,,,,
,Nov-91,40.1,1.1,41.2,-2.4,14.8,1.5,,,,,,,,1.3,,,-1.1,3.5,,,,,
,Dec-91,39.9,-0.2,41.3,0.1,14.0,-0.8,,,,,,,,2.0,,,-1.4,-0.3,,,,,
1992,Jan-92,40.8,0.8,40.3,-1.0,14.5,0.5,,,,,,,,,,,0.4,1.8,,,,,
,Feb-92,38.6,-2.2,39.3,-1.0,17.2,2.7,,,,,,,,,,,-0.7,-1.1,,,,,
,Mar-92,38.6,-0.0,40.2,0.9,16.8,-0.4,,,,,,,,,,,-1.7,-1.0,,,,,
,Apr-92,37.7,-0.9,39.0,-1.2,19.6,2.8,,,,,,,,,,,-1.3,0.3,,,,,
,GE,42.8,,35.2,,18.3,,,,,,,,,,,,7.6,,,,,,
,Apr-92,41.5,,37.3,,17.5,,,,,,,,,,,,4.2,,,,,,
,May-92,45.0,2.5,37.0,-0.3,14.6,-2.9,,,,,,,,,,,8.0,3.8,,,,,
,Jun-92,44.0,-1.0,37.0,0.0,14.7,0.1,,,,,,,,,,,7.0,-1.0,,,,,
,Jul-92,41.6,-2.4,40.7,3.7,14.1,-0.5,,,,,,,,,,,0.9,-6.1,,,,,
,Aug-92,40.3,-1.3,41.9,1.2,13.8,-0.3,,,,,,,,,,,-1.6,-2.5,,,,,
,Sep-92,38.1,-2.2,42.3,0.4,15.5,1.6,,,,,,,,,,,-4.2,-2.5,,,,,
,Oct-92,33.8,-4.3,46.9,4.6,14.3,-1.1,,,,,,,,,,,-13.1,-9.0,,,,,
,Nov-92,31.7,-2.0,49.5,2.6,14.4,0.0,,,,,,,,,,,-17.8,-4.6,,,,,
,Dec-92,33.1,1.3,46.7,-2.8,15.5,1.2,,,,,,,,,,,-13.6,4.1,,,,,
1993,Jan-93,35.5,2.4,45.1,-1.6,14.3,-1.2,,,,,,,,,,,-9.6,4.1,,,,,
,Feb-93,33.7,-1.8,46.9,1.8,14.6,0.3,,,,,,,,,,,-13.1,-3.6,,,,,
,Mar-93,31.6,-2.1,47.3,0.5,16.1,1.5,,,,,,,,,,,-15.7,-2.6,,,,,
,Apr-93,31.7,0.1,46.6,-0.7,17.1,1.1,,,,,,,,,,,-14.9,0.8,,,,,
,May-93,27.2,-4.5,45.1,-1.6,23.4,6.3,,,,,,,,,,,-17.9,-3.0,,,,,
,Jun-93,26.6,-0.6,44.0,-1.1,24.5,1.1,,,,,,,,,,,-17.4,0.5,,,,,
,Jul-93,27.9,1.3,43.7,-0.2,23.7,-0.8,,,,,,,,,,,-15.8,1.5,,,,,
,Aug-93,26.6,-1.3,41.6,-2.1,27.1,3.4,,,,,,,,,,,-15.1,0.8,,,,,
,Sep-93,25.6,-1.0,44.1,2.5,25.2,-1.9,,,,,,,,,,,-18.5,-3.5,,,,,
,Oct-93,28.2,2.6,44.4,0.2,23.5,-1.7,,,,,,,,,,,-16.2,2.4,,,,,
,Nov-93,27.6,-0.6,46.3,2.0,22.1,-1.4,,,,,,,,,,,-18.7,-2.6,,,,,
,Dec-93,27.0,-0.6,47.4,1.1,21.5,-0.6,,,,,,,,,,,-20.4,-1.7,,,,,
1994,Jan-94,27.0,0.0,46.5,-0.9,21.2,-0.3,,,,,,,,,,,-19.5,1.0,,,,,
,Feb-94,26.3,-0.7,48.5,2.1,20.8,-0.4,,,,,,,,,,,-22.2,-2.7,,,,,
,Mar-94,26.4,0.1,49.0,0.5,20.2,-0.6,,,,,,,,,,,-22.6,-0.4,,,,,
,Apr-94,26.7,0.3,47.1,-2.0,22.1,1.9,,,,,,,,,,,-20.4,2.3,,,,,
,May-94,25.9,-0.8,47.0,-0.0,22.1,0.1,,,,,,,,,,,-21.1,-0.7,,,,,
,Jun-94,24.4,-1.5,48.9,1.9,20.3,-1.9,,,,,,,,,,,-24.5,-3.4,,,,,
,Jul-94,24.8,0.4,51.6,2.7,18.5,-1.8,,,,,,,,,,,-26.8,-2.3,,,,,
,Aug-94,25.0,0.3,53.6,2.1,17.4,-1.1,,,,,,,,,,,-28.6,-1.8,,,,,
,Sep-94,25.5,0.5,52.8,-0.8,17.0,-0.4,,,,,,,,,,,-27.3,1.4,,,,,
,Oct-94,25.3,-0.2,54.8,2.0,15.4,-1.6,,,,,,,,,,,-29.5,-2.2,,,,,
,Nov-94,24.9,-0.4,55.6,0.8,15.4,0.0,,,,,,,,,,,-30.7,-1.2,,,,,
,Dec-94,24.9,-0.1,56.0,0.4,15.3,-0.1,,,,,,,,,,,-31.1,-0.5,,,,,
1995,Jan-95,24.5,-0.4,57.4,1.4,14.1,-1.2,,,,,,,,,,,-33.0,-1.8,,,,,
,Feb-95,24.3,-0.1,56.8,-0.7,14.9,0.8,,,,,,,,,,,-32.4,0.5,,,,,
,Mar-95,24.7,0.4,56.7,-0.1,14.2,-0.7,,,,,,,,,,,-32.0,0.4,,,,,
,Apr-95,24.8,0.2,54.7,-2.0,16.1,1.9,,,,,,,,,,,-29.9,2.1,,,,,
,May-95,23.1,-1.8,55.7,0.9,16.5,0.4,,,,,,,,,,,-32.6,-2.7,,,,,
,Jun-95,27.4,4.3,55.5,-0.1,13.6,-2.9,,,,,,,,,,,-28.2,4.4,,,,,
,Jul-95,28.6,1.3,53.1,-2.4,13.7,0.0,,,,,,,,,,,-24.5,3.7,,,,,
,Aug-95,26.4,-2.2,53.6,0.5,15.6,1.9,,,,,,,,,,,-27.2,-2.7,,,,,
,Sep-95,27.5,1.1,52.4,-1.2,15.7,0.1,,,,,,,,,,,-24.8,2.3,,,,,
,Oct-95,25.6,-2.0,56.2,3.8,14.5,-1.2,,,,,,,,,,,-30.6,-5.8,,,,,
,Nov-95,25.9,0.3,56.1,-0.1,14.4,-0.1,,,,,,,,,,,-30.2,0.4,,,,,
,Dec-95,27.7,1.9,53.2,-2.9,14.4,0.0,,,,,,,,,,,-25.5,4.7,,,,,
1996,Jan-96,27.1,-0.6,53.0,-0.2,15.7,1.3,,,,,,,,,,,-25.9,-0.4,,,,,
,Feb-96,26.8,-0.4,54.1,1.0,15.6,-0.0,,,,,,,,,,,-27.3,-1.4,,,,,
,Mar-96,27.8,1.0,53.8,-0.3,15.1,-0.5,,,,,,,,,,,-26.0,1.3,,,,,
,Apr-96,27.8,-0.1,53.2,-0.6,14.5,-0.6,,,,,,,,,,,-25.5,0.5,,,,,
,May-96,26.8,-0.9,51.7,-1.5,17.1,2.6,,,,,,,,,,,-24.9,0.6,,,,,
,Jun-96,29.0,2.2,52.2,0.5,14.3,-2.8,,,,,,,,,,,-23.2,1.7,,,,,
,Jul-96,28.4,-0.6,51.8,-0.4,14.8,0.5,,,,,,,,,,,-23.4,-0.2,,,,,
,Aug-96,29.2,0.8,51.8,-0.0,14.1,-0.7,,,,,,,,,,,-22.6,0.9,,,,,
,Sep-96,28.8,-0.4,52.2,0.4,14.1,-0.1,,,,,,,,,,,-23.4,-0.8,,,,,
,Oct-96,28.6,-0.2,53.2,1.1,13.2,-0.9,,,,,,,,,,,-24.6,-1.3,,,,,
,Nov-96,29.4,0.8,52.0,-1.3,13.5,0.3,,,,,,,,,,,-22.6,2.1,,,,,
,Dec-96,30.0,0.6,51.0,-1.0,13.5,0.0,,,,,,,,,,,-21.0,1.6,,,,,
1997,Jan-97,32.1,2.1,50.0,-1.0,12.7,-0.8,,,,,,,,,,,-17.9,3.0,,,,,
,Feb-97,30.7,-1.4,51.0,1.0,12.5,-0.2,,,,,,,,,,,-20.3,-2.4,,,,,
,Mar-97,29.1,-1.6,52.7,1.7,12.2,-0.3,,,,,,,,,,,-23.6,-3.3,,,,,
,Apr-97,30.9,1.8,49.3,-3.4,13.4,1.3,,,,,,,,,,,-18.4,5.2,,,,,
,GE,31.0,,44.0,,17.0,,,,,,,,,,,,-13.0,,,,,,
,May-97,23.2,-7.9,58.0,14.0,13.9,-3.2,,,,,,,,,,,-34.8,-21.8,,,,,
,Jun-97,23.6,0.4,60.4,2.4,13.1,-0.7,,,,,,,,,,,-36.8,-2.0,,,,,
,Jul-97,24.1,0.5,58.6,-1.7,13.0,-0.1,,,,,,,,,,,-34.6,2.3,,,,,
,Aug-97,27.5,3.4,56.2,-2.5,12.6,-0.4,,,,,,,,,,,-28.7,5.9,,,,,
,Sep-97,23.5,-3.9,60.3,4.1,12.0,-0.6,,,,,,,,,,,-36.7,-8.0,,,,,
,Oct-97,23.3,-0.2,60.3,0.0,12.0,0.0,,,,,,,,,,,-37.0,-0.2,,,,,
,Nov-97,25.7,2.4,55.9,-4.3,14.2,2.2,,,,,,,,,,,-30.2,6.8,,,,,
,Dec-97,26.9,1.2,52.4,-3.5,15.3,1.1,,,,,,,,,,,-25.5,4.7,,,,,
1998,Jan-98,28.0,1.1,53.4,1.0,13.4,-1.8,,,,,,,,,,,-25.4,0.1,,,,,
,Feb-98,29.0,1.1,51.1,-2.3,15.0,1.6,,,,,,,,,,,-22.1,3.3,,,,,
,Mar-98,29.1,0.1,51.0,-0.1,15.3,0.3,,,,,,,,,,,-22.0,0.1,,,,,
,Apr-98,28.1,-1.0,52.8,1.8,15.1,-0.2,,,,,,,,,,,-24.7,-2.8,,,,,
,May-98,26.8,-1.3,52.2,-0.6,14.2,-0.9,,,,,,,,,,,-25.5,-0.7,,,,,
,Jun-98,27.8,1.0,52.8,0.6,14.2,0.0,,,,,,,,,,,-25.0,0.5,,,,,
,Jul-98,27.6,-0.2,53.0,0.1,14.6,0.4,,,,,,,,,,,-25.4,-0.4,,,,,
,Aug-98,28.6,1.0,52.2,-0.8,13.6,-1.0,,,,,,,,,,,-23.6,1.8,,,,,
,Sep-98,26.0,-2.6,54.0,1.8,14.9,1.3,,,,,,,,,,,-28.0,-4.4,,,,,
,Oct-98,27.1,1.1,53.6,-0.4,14.5,-0.4,,,,,,,,,,,-26.6,1.5,,,,,
,Nov-98,28.1,1.0,53.3,-0.3,13.5,-1.0,,,,,,,,,,,-25.3,1.3,,,,,
,Dec-98,28.0,-0.0,52.7,-0.6,13.5,-0.1,,,,,,,,,,,-24.7,0.6,,,,,
1999,Jan-99,26.5,-1.6,53.3,0.6,14.0,0.6,,,,,,,,,,,-26.8,-2.1,,,,,
,Feb-99,28.9,2.4,51.5,-1.8,13.7,-0.4,,,,,,,,,,,-22.6,4.2,,,,,
,Mar-99,27.9,-1.0,53.3,1.9,13.7,0.1,,,,,,,,,,,-25.5,-2.9,,,,,
,Apr-99,27.7,-0.2,53.1,-0.3,13.5,-0.2,,,,,,,,,,,-25.4,0.1,,,,,
,May-99,26.6,-1.1,51.9,-1.1,15.5,2.0,,,,,,,,,,,-25.3,0.1,,,,,
,Jun-99,27.7,1.1,49.6,-2.4,15.3,-0.2,,,,,,,,,,,-21.9,3.4,,,,,
,Jul-99,29.2,1.5,50.4,0.8,14.0,-1.3,,,,,,,,,,,-21.2,0.7,,,,,
,Aug-99,27.9,-1.2,50.2,-0.2,15.1,1.1,,,,,,,,,,,-22.2,-1.0,,,,,
,Sep-99,29.9,2.0,49.5,-0.6,14.5,-0.6,,,,,,,,,,,-19.6,2.6,,,,,
,Oct-99,29.3,-0.6,51.6,2.1,13.5,-0.9,,,,,,,,,,,-22.3,-2.7,,,,,
,Nov-99,29.1,-0.2,51.0,-0.7,14.1,0.5,,,,,,,,,,,-21.9,0.4,,,,,
,Dec-99,28.0,-1.1,52.1,1.1,14.4,0.4,,,,,,,,,,,-24.1,-2.2,,,,,
2000,Jan-00,29.5,1.5,50.3,-1.8,14.5,0.1,,,,,,,,,,,-20.8,3.2,,,,,
,Feb-00,28.8,-0.7,48.6,-1.7,15.2,0.7,,,,,,,,,,,-19.8,1.0,,,,,
,Mar-00,30.5,1.7,49.0,0.4,13.4,-1.8,,,,,,,,,,,-18.5,1.3,,,,,
,Apr-00,30.4,-0.1,48.9,-0.1,13.8,0.4,,,,,,,,,,,-18.5,0.0,,,,,
,May-00,32.5,2.2,45.9,-3.0,14.9,1.1,,,,,,,,,,,-13.4,5.1,,,,,
,Jun-00,33.5,1.0,45.1,-0.8,15.4,0.5,,,,,,,,,,,-11.7,1.7,,,,,
,Jul-00,33.2,-0.3,47.2,2.0,13.6,-1.8,,,,,,,,,,,-14.0,-2.3,,,,,
,Aug-00,31.5,-1.7,48.6,1.5,14.1,0.4,,,,,,,,,,,-17.2,-3.2,,,,,
,Sep-00,36.1,4.6,38.6,-10.0,18.6,4.6,,,,,,,,,,,-2.5,14.6,,,,,
,Oct-00,35.0,-1.1,42.2,3.6,17.3,-1.3,,,,,,,,,,,-7.3,-4.7,,,,,
,Nov-00,33.7,-1.2,44.7,2.5,15.2,-2.2,,,,,,,,,,,-11.0,-3.8,,,,,
,Dec-00,32.9,-0.8,46.3,1.5,14.8,-0.4,,,,,,,,,,,-13.3,-2.3,,,,,
2001,Jan-01,31.7,-1.3,48.9,2.6,14.1,-0.7,,,,,,,,,,,-17.2,-3.9,,,,,
,Feb-01,30.3,-1.3,50.0,1.1,14.0,-0.1,,,,,,,,,,,-19.6,-2.4,,,,,
,Mar-01,31.4,1.1,50.1,0.1,13.2,-0.8,,,,,,,,,,,-18.7,1.0,,,,,
,Apr-01,30.0,-1.4,50.7,0.6,13.3,0.1,,,,,,,,,,,-20.7,-2.0,,,,,
,May-01,30.9,0.9,48.4,-2.2,14.6,1.3,,,,,,,,,,,-17.6,3.1,,,,,
,Jun-01,31.4,0.6,44.9,-3.6,17.7,3.1,,,,,,,,,,,-13.4,4.2,,,,,
,GE,32.7,,42.0,,18.8,,,,,,,,,,,,-9.3,,,,,,
,Jul-01,28.0,-4.7,50.3,8.3,16.3,-2.5,,,,,,,,,,,-22.3,-13.0,,,,,
,Aug-01,26.0,-2.0,50.7,0.3,17.3,1.0,,,,,,,,,,,-24.7,-2.3,,,,,
,Sep-01,28.0,2.0,49.5,-1.2,17.5,0.2,,,,,,,,,,,-21.5,3.2,,,,,
,Oct-01,27.0,-1.0,52.0,2.5,16.0,-1.5,,,,,,,,,,,-25.0,-3.5,,,,,
,Nov-01,27.0,0.0,51.0,-1.0,17.0,1.0,,,,,,,,,,,-24.0,1.0,,,,,
,Dec-01,29.0,2.0,44.0,-7.0,20.0,3.0,,,,,,,,,,,-15.0,9.0,,,,,
2002,Jan-02,29.0,0.0,46.0,2.0,18.7,-1.3,,,,,,,,,,,-17.0,-2.0,,,,,
,Feb-02,29.0,0.0,49.0,3.0,17.0,-1.7,,,,,,,,,,,-20.0,-3.0,,,,,
,Mar-02,31.0,2.0,44.0,-5.0,18.7,1.7,,,,,,,,,,,-13.0,7.0,,,,,
,Apr-02,30.0,-1.0,46.0,2.0,17.3,-1.4,,,,,,,,,,,-16.0,-3.0,,,,,
,May-02,32.6,2.6,41.8,-4.2,19.4,2.2,,,,,,,,,,,-9.2,6.8,,,,,
,Jun-02,32.2,-0.4,41.2,-0.6,19.5,0.1,,,,,,,,,,,-9.0,0.2,,,,,
,Jul-02,32.0,-0.2,42.3,1.1,19.5,0.0,,,,,,,,,,,-10.3,-1.3,,,,,
,Aug-02,31.4,-0.6,42.6,0.4,19.6,0.1,,,,,,,,,,,-11.2,-1.0,,,,,
,Sep-02,30.3,-1.2,43.3,0.7,19.5,-0.1,,,,,,,,,,,-13.0,-1.8,,,,,
,Oct-02,30.0,-0.3,43.1,-0.1,20.1,0.6,,,,,,,,,,,-13.1,-0.1,,,,,
,Nov-02,29.9,-0.1,41.2,-2.0,21.5,1.4,,,,,,,,,,,-11.3,1.8,,,,,
,Dec-02,30.8,0.9,38.8,-2.4,22.8,1.3,,,,,,,,,,,-8.0,3.3,,,,,
2003,Jan-03,31.1,0.4,38.3,-0.5,23.4,0.7,,,,,,,,,,,-7.1,0.9,,,,,
,Feb-03,31.9,0.7,36.6,-1.7,24.3,0.9,,,,,,,,,,,-4.7,2.4,,,,,
,Mar-03,32.0,0.1,38.8,2.2,22.3,-2.0,,,,,,,,,,,-6.8,-2.0,,,,,
,Apr-03,30.6,-1.4,41.4,2.7,20.6,-1.7,,,,,,,,,,,-10.8,-4.1,,,,,
,May-03,32.5,1.9,38.3,-3.2,21.3,0.7,,,,,,,,,,,-5.8,5.1,,,,,
,Jun-03,34.5,2.0,37.2,-1.1,20.0,-1.3,,,,,,,,,,,-2.7,3.1,,,,,
,Jul-03,35.6,1.1,35.8,-1.4,21.0,1.0,,,,,,,,,,,-0.2,2.5,,,,,
,Aug-03,34.6,-1.0,35.2,-0.6,22.4,1.4,,,,,,,,,,,-0.6,-0.4,,,,,
,Sep-03,32.2,-2.4,34.8,-0.4,25.8,3.4,,,,,,,,,,,-2.6,-2.0,,,,,
,Oct-03,33.8,1.5,35.9,1.1,23.6,-2.2,,,,,,,,,,,-2.1,0.4,,,,,
,Nov-03,34.0,0.3,37.1,1.3,21.9,-1.8,,,,,,,,,,,-3.1,-1.0,,,,,
,Dec-03,34.4,0.4,37.6,0.5,21.4,-0.5,,,,,,,,,,,-3.2,-0.1,,,,,
2004,Jan-04,36.6,2.2,37.4,-0.2,19.4,-2.0,,,,,,,,,,,-0.8,2.4,,,,,
,Feb-04,34.8,-1.8,35.2,-2.2,22.7,3.3,,,,,,,,,,,-0.3,0.5,,,,,
,Mar-04,35.8,0.9,35.5,0.3,21.5,-1.2,,,,,,,,,,,0.3,0.6,,,,,
,Apr-04,35.6,-0.2,35.6,0.1,21.0,-0.5,,,,,,,,,,,0.0,-0.3,,,,,
,May-04,35.7,0.1,34.3,-1.3,19.9,-1.1,,,,,,,,,,,1.4,1.4,,,,,
,Jun-04,32.1,-3.6,32.6,-1.7,20.3,0.4,,,,,,,,,,,-0.4,-1.9,,,,,
,Jul-04,30.3,-1.9,33.3,0.7,24.3,4.0,,,,,,,,,,,-3.0,-2.6,,,,,
,Aug-04,33.0,2.8,35.3,2.1,21.3,-2.9,,,,,,,,,,,-2.3,0.7,,,,,
,Sep-04,31.3,-1.8,33.0,-2.3,25.0,3.7,,,,,,,,,,,-1.8,0.6,,,,,
,Oct-04,31.1,-0.1,37.3,4.3,21.4,-3.6,,,,,,,,,,,-6.1,-4.4,,,,,
,Nov-04,31.2,0.0,37.2,-0.1,21.7,0.2,,,,,,,,,,,-6.0,0.1,,,,,
,Dec-04,31.5,0.3,37.7,0.5,21.3,-0.3,,,,,,,,,,,-6.2,-0.2,,,,,
2005,Jan-05,31.9,0.4,36.9,-0.8,22.0,0.7,,,,,,,,,,,-5.0,1.2,,,,,
,Feb-05,33.1,1.2,38.9,1.9,19.4,-2.6,,,,,,,,,,,-5.7,-0.7,,,,,
,Mar-05,33.3,0.2,38.4,-0.4,19.9,0.5,,,,,,,,,,,-5.1,0.6,,,,,
,Apr-05,32.7,-0.6,38.4,-0.0,21.3,1.4,,,,,,,,,,,-5.7,-0.6,,,,,
,May-05,32.6,-0.1,37.5,-0.9,22.8,1.5,,,,,,,,,,,-4.9,0.8,,,,,
,GE,33.0,,36.0,,23.0,,,,,,,,,,,,-3.0,,,,,,
,May-05,30.5,-2.5,37.5,1.5,24.5,1.5,,,,,,,,,,,-7.0,-4.0,,,,,
,Jun-05,31.0,0.5,39.3,1.8,21.3,-3.2,,,,,,,,,,,-8.3,-1.3,,,,,
,Jul-05,29.5,-1.5,40.0,0.7,22.8,1.4,,,,,,,,,,,-10.5,-2.2,,,,,
,Aug-05,31.7,2.2,39.0,-1.0,22.0,-0.8,,,,,,,,,,,-7.3,3.2,,,,,
,Sep-05,31.8,0.1,38.6,-0.4,21.4,-0.6,,,,,,,,,,,-6.8,0.5,,,,,
,Oct-05,32.3,0.5,39.2,0.6,20.5,-0.9,,,,,,,,,,,-6.8,-0.0,,,,,
,Nov-05,33.3,1.0,38.8,-0.3,19.7,-0.8,,,,,,,,,,,-5.5,1.3,,,,,
,Dec-05,37.1,3.8,35.8,-3.1,19.1,-0.5,,,,,,,,,,,1.4,6.9,,,,,
2006,Jan-06,38.1,1.0,37.6,1.9,16.8,-2.4,,,,,,,,,,,0.5,-0.9,,,,,
,Feb-06,36.8,-1.3,36.6,-1.0,18.4,1.7,,,,,,,,,,,0.2,-0.3,,,,,
,Mar-06,35.4,-1.4,36.5,-0.1,19.4,1.0,,,,,,,,,,,-1.1,-1.3,,,,,
,Apr-06,34.4,-1.0,33.0,-3.5,20.3,0.9,,,,,,,,,,,1.4,2.5,,,,,
,May-06,38.4,4.0,31.6,-1.4,18.2,-2.1,,,,,,,,,,,6.8,5.4,,,,,
,Jun-06,37.9,-0.5,33.3,1.7,18.7,0.5,,,,,,,,,,,4.6,-2.2,,,,,
,Jul-06,38.0,0.1,33.0,-0.3,18.6,-0.1,,,,,,,,,,,5.0,0.4,,,,,
,Aug-06,39.0,1.0,31.0,-2.0,20.0,1.4,,,,,,,,,,,8.0,3.0,,,,,
,Sep-06,37.2,-1.8,32.8,1.8,18.4,-1.6,,,,,,,,,,,4.4,-3.6,,,,,
,Oct-06,37.5,0.3,32.8,0.0,18.0,-0.4,,,,,,,,,,,4.7,0.3,,,,,
,Nov-06,36.3,-1.2,32.8,0.0,19.2,1.2,,,,,,,,,,,3.5,-1.2,,,,,
,Dec-06,36.8,0.5,33.8,1.0,16.8,-2.3,,,,,,,,,,,3.0,-0.5,,,,,
2007,Jan-07,37.4,0.6,31.6,-2.2,19.8,3.0,,,,,,,,,,,5.8,2.8,,,,,
,Feb-07,38.0,0.6,31.4,-0.2,18.0,-1.8,,,,,,,,,,,6.6,0.8,,,,,
,Mar-07,38.9,0.9,31.1,-0.3,18.3,0.3,,,,,,,,,,,7.8,1.2,,,,,
,Apr-07,37.0,-1.9,30.7,-0.4,19.4,1.2,,,,,,,,,,,6.3,-1.5,,,,,
,May-07,36.3,-0.7,32.7,2.0,18.0,-1.4,,,,,,,,,,,3.7,-2.6,,,,,
,Jun-07,35.8,-0.6,35.8,3.1,16.5,-1.5,,,,,,,,,,,0.0,-3.7,,,,,
,Jul-07,33.7,-2.1,39.2,3.5,16.3,-0.2,,,,,,,,,,,-5.6,-5.6,,,,,
,Aug-07,34.5,0.8,38.8,-0.4,15.8,-0.5,,,,,,,,,,,-4.4,1.2,,,,,
,Sep-07,32.9,-1.5,40.8,2.0,15.6,-0.2,,,,,,,,,,,-7.9,-3.6,,,,,
,Oct-07,39.6,6.7,37.6,-3.3,13.3,-2.3,,,,,,,,,,,2.1,10.0,,,,,
,Nov-07,40.5,0.8,32.8,-4.8,16.1,2.8,,,,,,,,,,,7.6,5.6,,,,,
,Dec-07,41.3,0.9,32.3,-0.5,15.0,-1.1,,,,,,,,,,,9.0,1.4,,,,,
2008,Jan-08,39.3,-2.0,33.1,0.8,17.3,2.3,,,,,,,,,,,6.2,-2.8,,,,,
,Feb-08,40.0,0.7,33.0,-0.1,16.5,-0.8,,,,,,,,,,,7.0,0.8,,,,,
,Mar-08,40.5,0.5,31.0,-2.0,17.9,1.4,,,,,,,,,,,9.5,2.5,,,,,
,Apr-08,40.6,0.1,30.1,-0.9,18.3,0.4,,,,,,,,,,,10.5,1.0,,,,,
,May-08,43.9,3.3,27.0,-3.1,18.1,-0.2,,,,,,,,,,,16.9,6.4,,,,,
,Jun-08,45.4,1.6,26.0,-1.0,17.7,-0.4,,,,,,,,,,,19.4,2.6,,,,,
,Jul-08,45.1,-0.3,25.8,-0.2,17.0,-0.7,,,,,,,,,,,19.3,-0.1,,,,,
,Aug-08,45.6,0.5,26.0,0.2,17.0,0.0,,,,,,,,,,,19.6,0.3,,,,,
,Sep-08,43.0,-2.6,28.3,2.3,17.4,0.4,,,,,,,,,,,14.7,-4.9,,,,,
,Oct-08,43.0,0.0,31.2,2.9,15.3,-2.2,,,,,,,,,,,11.8,-2.9,,,,,
,Nov-08,41.5,-1.5,33.5,2.3,15.5,0.3,,,,,,,,,,,8.0,-3.8,,,,,
,Dec-08,39.5,-2.0,34.9,1.4,15.1,-0.4,,,,,,,,,,,4.6,-3.4,,,,,
2009,Jan-09,43.0,3.5,31.6,-3.3,15.5,0.4,,,,,,,,,,,11.4,6.8,,,,,
,Feb-09,42.8,-0.3,28.8,-2.9,17.9,2.4,,,,,,,,,,,14.0,2.6,,,,,
,Mar-09,41.6,-1.1,30.4,1.6,17.5,-0.4,,,,,,,,,,,11.3,-2.8,,,,,
,Apr-09,43.1,1.5,28.2,-2.2,18.3,0.8,,,,,,,,,,,14.9,3.6,,,,,
,May-09,39.7,-3.4,23.2,-5.0,18.7,0.4,,,,,,,,,,,16.5,1.6,,,,,
,Jun-09,37.9,-1.8,23.3,0.1,18.3,-0.4,,,,,,,,,,,14.6,-1.9,,,,,
,Jul-09,40.1,2.2,25.2,1.9,19.2,0.9,,,,,,,,,,,14.9,0.3,,,,,
,Aug-09,41.3,1.1,25.9,0.7,17.9,-1.3,,,,,,,,,,,15.4,0.5,,,,,
,Sep-09,39.5,-1.7,26.7,0.8,19.5,1.6,,,,,,,,,,,12.8,-2.6,,,,,
,Oct-09,41.4,1.9,28.0,1.3,17.6,-1.9,,,,,,,,,,,13.4,0.6,,,,,
,Nov-09,39.1,-2.3,27.9,-0.2,17.5,-0.1,,,,,,,,,,,11.3,-2.1,,,,,
,Dec-09,39.7,0.5,28.3,0.4,17.6,0.1,,,,,,,,,,,11.4,0.2,,,,,
2010,Jan-10,39.4,-0.3,29.8,1.5,17.7,0.1,,,,,,,,,,,9.6,-1.9,,,,,
,Feb-10,38.4,-1.0,30.5,0.8,18.3,0.6,,,,,,,,,,,7.9,-1.7,,,,,
,Mar-10,37.5,-0.9,30.8,0.3,18.8,0.4,,,,,,,,,,,6.7,-1.2,,,,,
,Apr-10,35.0,-2.5,28.1,-2.7,26.0,7.2,,,,,,,,,,,6.9,0.2,,,,,
,May-10,35.8,0.7,28.1,-0.0,27.0,1.0,,,,,,,,,,,7.7,0.8,,,,,
,GE,36.9,,29.7,,23.6,,,,,,,,,,,,7.2,,,,,,
,May-10,38.0,1.1,32.4,2.7,21.0,-2.6,,,,,,,,,,,5.6,-1.6,,,,,
,Jun-10,40.3,2.3,33.0,0.5,18.2,-2.9,,,,,,,,,,,7.4,1.8,,,,,
,Jul-10,41.2,0.9,35.2,2.2,15.5,-2.6,,,,,,,,,,,6.0,-1.3,,,,,
,Aug-10,41.2,-0.0,36.4,1.3,13.6,-1.9,,,,,,,,,,,4.7,-1.3,,,,,
,Sep-10,40.1,-1.1,37.7,1.2,13.3,-0.3,,,,,,,,,,,2.4,-2.4,,,,,
,Oct-10,40.2,0.1,37.9,0.2,12.5,-0.8,,,,,,,,,,,2.3,-0.1,,,,,
,Nov-10,39.4,-0.8,38.9,1.1,11.3,-1.2,,,,,,,,,,,0.4,-1.9,,,,,
,Dec-10,39.4,0.1,39.8,0.9,9.9,-1.4,,,,,,,,,,,-0.4,-0.9,,,,,
2011,Jan-11,37.1,-2.3,41.6,1.8,9.8,-0.1,,,,,,,,,,,-4.5,-4.1,,,,,
,Feb-11,35.6,-1.5,41.9,0.3,10.6,0.8,,,,,,,,,,,-6.3,-1.8,,,,,
,Mar-11,35.6,-0.1,41.4,-0.5,10.3,-0.3,,,,,,,,,,,-5.9,0.4,,,,,
,Apr-11,35.8,0.2,40.8,-0.7,10.2,-0.1,,,,,,,,,,,-5.0,0.9,,,,,
,May-11,37.1,1.3,40.7,-0.0,9.7,-0.5,,,,,,,,,,,-3.6,1.3,,,,,
,Jun-11,36.8,-0.3,41.5,0.7,9.3,-0.4,,,,,,,,,,,-4.6,-1.0,,,,,
,Jul-11,35.4,-1.4,41.6,0.2,9.9,0.7,,,,,,,,,,,-6.2,-1.5,,,,,
,Aug-11,36.1,0.7,41.3,-0.3,9.9,-0.0,5.0,,,,,,,,,,-5.2,1.0,,,,,
,Sep-11,36.2,0.1,40.2,-1.0,10.0,0.1,4.9,,,,,,,,,,-4.0,1.1,,,,,
,Oct-11,36.0,-0.2,40.3,0.1,9.5,-0.5,5.6,,,,,,,,,,-4.3,-0.3,,,,,
,Nov-11,35.5,-0.5,40.0,-0.3,9.9,0.4,6.0,,,,,,,,,,-4.5,-0.2,,,,,
,Dec-11,37.6,2.1,39.4,-0.6,10.7,0.8,4.4,,,,,,,,,,-1.8,2.7,,,,,
2012,Jan-12,38.7,1.1,38.9,-0.4,9.7,-1.0,4.6,,,,,,,,,,-0.3,1.5,,,,,
,Feb-12,38.1,-0.6,39.5,0.6,9.5,-0.2,4.9,,,,,,,,,,-1.5,-1.2,,,,,
,Mar-12,35.5,-2.5,40.7,1.2,9.8,0.2,5.4,,,,,,,,,,-5.2,-3.7,,,,,
,Apr-12,32.5,-3.0,40.8,0.1,9.6,-0.1,7.6,,,,,,,,,,-8.3,-3.2,,,,,
,May-12,31.8,-0.7,42.8,1.9,9.0,-0.7,8.0,,,,,,,,,,-11.0,-2.7,,,,,
,Jun-12,32.4,0.7,42.5,-0.3,9.2,0.3,7.6,,,,,,,,,,-10.1,1.0,,,,,
,Jul-12,33.2,0.8,42.7,0.1,9.5,0.2,7.3,,,,,,,,,,-9.5,0.6,,,,,
,Aug-12,32.8,-0.4,42.3,-0.3,9.8,0.3,7.1,,,,,,,,,,-9.5,-0.1,,,,,
,Sep-12,32.1,-0.7,42.4,0.1,9.8,-0.0,7.5,,,,,,,,,,-10.3,-0.7,,,,,
,Oct-12,32.5,0.3,42.7,0.3,9.1,-0.6,7.8,,,,,,,,,,-10.3,0.0,,,,,
,Nov-12,32.3,-0.1,42.2,-0.5,9.3,0.2,8.2,,,,,,,,,,-9.9,0.4,,,,,
,Dec-12,31.1,-1.3,41.8,-0.4,9.7,0.4,9.9,,,,,,,3.7,,,-10.8,-0.9,,,,,
2013,Jan-13,31.7,0.6,41.4,-0.4,10.3,0.6,9.8,-0.1,,,,,,2.1,-1.5,,-9.7,1.0,,,,,
,Feb-13,30.9,-0.7,41.8,0.4,10.4,0.0,9.9,0.2,,,,,,2.2,0.1,,-10.8,-1.1,,,,,
,Mar-13,29.5,-1.4,40.1,-1.7,11.3,0.9,12.5,2.5,,,,,,2.3,0.0,,-10.6,0.3,,,,,
,Apr-13,30.5,1.0,39.5,-0.6,10.4,-0.9,12.7,0.2,,,,,,2.6,0.3,,-8.9,1.6,,,,,
,May-13,28.6,-2.0,37.9,-1.6,9.7,-0.7,16.1,3.4,,,,,,2.7,0.1,,-9.3,-0.4,,,,,
,Jun-13,30.4,1.8,38.2,0.3,9.8,0.2,13.9,-2.2,,,,,,2.6,-0.0,,-7.9,1.5,,,,,
,Jul-13,31.5,1.1,38.6,0.4,10.3,0.4,12.4,-1.5,,,,,,2.7,0.0,,-7.1,0.7,,,,,
,Aug-13,31.9,0.4,38.0,-0.7,10.5,0.2,12.2,-0.2,,,,,,2.6,-0.0,,-6.1,1.0,,,,,
,Sep-13,32.7,0.8,38.2,0.2,10.0,-0.4,11.6,-0.6,,,,,,2.7,0.0,,-5.5,0.6,,,,,
,Oct-13,32.7,0.0,38.4,0.2,9.9,-0.1,11.5,-0.0,,,,,,2.7,0.0,,-5.7,-0.2,,,,,
,Nov-13,31.9,-0.8,38.8,0.4,9.8,-0.1,11.8,0.3,,,,,,2.8,0.1,,-6.9,-1.2,,,,,
,Dec-13,32.8,0.9,38.6,-0.2,9.9,0.2,11.4,-0.4,,,,,,2.7,-0.2,,-5.8,1.1,,,,,
2014,Jan-14,32.3,-0.5,38.1,-0.5,9.9,0.0,12.3,0.9,,,,,,2.7,0.0,,-5.8,-0.0,,,,,
,Feb-14,32.7,0.4,38.2,0.1,9.4,-0.5,12.5,0.3,,,,,,2.6,-0.1,,-5.5,0.3,,,,,
,Mar-14,33.4,0.7,37.4,-0.9,9.7,0.2,12.1,-0.5,,,,,,2.6,-0.0,,-3.9,1.6,,,,,
,Apr-14,32.9,-0.5,36.9,-0.5,9.6,-0.1,13.1,1.0,,,,,,2.6,0.1,,-4.0,-0.0,,,,,
,May-14,32.1,-0.9,35.0,-1.9,8.7,-0.8,15.0,1.9,,,,,,3.9,1.3,,-2.9,1.1,,,,,
,Jun-14,32.1,-0.0,35.8,0.9,7.9,-0.8,14.7,-0.2,,,,,,4.7,0.8,,-3.8,-0.9,,,,,
,Jul-14,32.9,0.8,36.3,0.5,8.3,0.4,13.0,-1.7,,,,,,4.7,0.0,,-3.5,0.3,,,,,
,Aug-14,32.9,0.1,36.3,-0.0,8.3,-0.1,13.4,0.4,,,,,,4.3,-0.4,,-3.4,0.1,,,,,
,Sep-14,31.8,-1.2,35.7,-0.6,7.7,-0.5,14.8,1.4,,,,,,4.7,0.5,,-3.9,-0.5,,,,,
,Oct-14,31.8,0.1,33.5,-2.2,7.9,0.2,16.3,1.4,,,,,,4.8,0.1,,-1.7,2.2,,,,,
,Nov-14,31.7,-0.2,33.2,-0.3,7.6,-0.2,15.9,-0.3,,,,,,5.6,0.8,,-1.5,0.2,,,,,
,Dec-14,31.8,0.1,33.5,0.4,7.7,0.1,15.5,-0.4,,,,,,5.8,0.2,,-1.8,-0.3,,,,,
2015,Jan-15,31.9,0.2,33.0,-0.5,7.4,-0.3,15.2,-0.3,,,,,,6.8,0.9,,-1.1,0.7,,,,,
,Feb-15,32.4,0.5,33.5,0.4,7.6,0.2,14.5,-0.8,,,,,,6.3,-0.4,,-1.1,0.0,,,,,
,Mar-15,33.5,1.1,33.6,0.1,7.7,0.0,14.1,-0.3,,,,,,5.6,-0.7,,-0.1,1.0,,,,,
,Apr-15,33.6,0.1,33.6,0.0,8.3,0.6,13.6,-0.5,,,,,,5.1,-0.6,,-0.0,0.0,,,,,
,May-15,33.6,0.0,33.4,-0.2,9.2,0.9,12.8,-0.8,,,,,,4.8,-0.3,,0.2,0.2,,,,,
,GE,37.7,,31.2,,8.1,,12.9,,,,,,,3.8,,,6.5,,,,,,
,May-15,40.7,3.0,29.7,-1.5,7.0,-1.1,11.7,-1.2,,,,,,4.0,0.2,,11.0,4.5,,,,,
,Jun-15,39.3,-1.4,29.8,0.1,8.0,1.0,11.0,-0.7,,,,,,5.0,1.0,,9.5,-1.5,,,,,
,Jul-15,38.3,-0.9,31.0,1.3,7.7,-0.3,10.7,-0.3,,,,,,5.7,0.7,,7.3,-2.2,,,,,
,Aug-15,40.0,1.7,30.3,-0.8,7.3,-0.4,11.8,1.1,,,,,,4.3,-1.4,,9.8,2.4,,,,,
,Sep-15,38.6,-1.4,31.5,1.3,7.3,0.0,13.1,1.4,,,,,,3.4,-0.9,,7.1,-2.6,,,,,
,Oct-15,38.0,-0.6,31.8,0.3,7.2,-0.1,12.7,-0.5,,,,,,3.5,0.1,,6.2,-1.0,,,,,
,Nov-15,39.6,1.6,30.4,-1.4,6.9,-0.3,13.1,0.5,,,,,,3.3,-0.2,,9.1,3.0,,,,,
,Dec-15,38.5,-1.1,31.0,0.6,6.8,-0.0,13.2,0.0,,,,,,4.2,0.9,,7.5,-1.6,,,,,
2016,Jan-16,38.8,0.3,31.2,0.2,6.5,-0.3,13.7,0.5,,,,,,3.3,-0.8,,7.7,0.2,,,,,
,Feb-16,39.0,0.2,30.3,-0.8,6.8,0.3,14.0,0.3,,,,,,3.5,0.2,,8.7,1.0,,,,,
,Mar-16,35.6,-3.4,33.0,2.7,7.1,0.3,13.7,-0.3,,,,,,3.7,0.2,,2.6,-6.1,,,,,
,Apr-16,34.9,-0.7,32.3,-0.8,6.6,-0.5,15.8,2.0,,,,,,3.6,-0.1,,2.6,0.1,,,,,
,May-16,34.9,0.0,31.7,-0.6,7.0,0.4,15.8,0.0,,,,,,4.3,0.7,,3.2,0.6,,,,,
,Jun-16,34.1,-0.8,31.0,-0.7,7.5,0.5,16.6,0.9,,,,,,4.3,-0.0,,3.1,-0.1,,,,,
,Jul-16,38.5,4.4,30.0,-1.0,8.4,0.9,13.0,-3.6,,,,,,4.1,-0.2,,8.5,5.4,,,,,
,Aug-16,40.0,1.5,29.4,-0.6,8.1,-0.3,12.5,-0.5,,,,,,4.1,-0.0,,10.6,2.1,,,,,
,Sep-16,39.4,-0.6,29.6,0.2,7.4,-0.7,13.0,0.5,,,,,,3.9,-0.2,,9.8,-0.8,,,,,
,Oct-16,42.1,2.7,27.8,-1.9,8.4,1.0,10.9,-2.1,,,,,,4.1,0.2,,14.4,4.6,,,,,
,Nov-16,41.4,-0.8,29.1,1.4,8.1,-0.3,11.5,0.6,,,,,,3.6,-0.5,,12.3,-2.1,,,,,
,Dec-16,40.0,-1.4,27.2,-1.9,10.4,2.3,12.4,0.9,,,,,,3.6,-0.0,,12.8,0.6,,,,,
2017,Jan-17,40.0,0.0,27.5,0.3,9.8,-0.6,12.5,0.1,,,,,,3.8,0.2,,12.5,-0.3,,,,,
,Feb-17,41.1,1.1,25.9,-1.7,10.4,0.6,12.6,0.1,,,,,,3.8,0.0,,15.2,2.8,,,,,
,Mar-17,42.7,1.6,26.3,0.4,10.2,-0.3,11.3,-1.3,,,,,,3.9,0.1,,16.3,1.1,,,,,
,Apr-17,45.6,2.9,27.0,0.7,10.3,0.1,7.8,-3.5,,,,,,3.3,-0.6,,18.6,2.2,,,,,
,May-17,45.0,-0.5,33.7,6.7,8.3,-1.9,4.7,-3.1,,,,,,2.3,-1.0,,11.3,-7.2,,,,,
,Jun-17,42.9,-2.2,36.8,3.1,7.7,-0.6,4.3,-0.4,,,,,,2.1,-0.2,,6.1,-5.3,,,,,
,GE,43.4,,41.0,,7.6,,1.9,,,,,,,1.7,,,2.4,,,,,,
,Jun-17,40.3,-3.1,43.8,2.8,6.3,-1.3,2.8,0.9,,,,,,1.8,0.1,,-3.5,-5.9,,,,,
,Jul-17,39.7,-0.6,42.4,-1.4,7.0,0.7,4.5,1.7,,,,,,1.9,0.1,,-2.7,0.8,,,,,
,Aug-17,40.7,1.0,41.8,-0.6,6.8,-0.2,4.2,-0.3,,,,,,2.2,0.3,,-1.2,1.5,,,,,
,Sep-17,39.9,-0.8,41.5,-0.3,7.5,0.6,4.1,-0.1,,,,,,2.4,0.2,,-1.6,-0.5,,,,,
,Oct-17,39.6,-0.3,42.1,0.6,7.3,-0.2,3.9,-0.2,,,,,,2.2,-0.2,,-2.5,-0.9,,,,,
,Nov-17,39.7,0.1,41.4,-0.7,7.3,-0.0,4.2,0.3,,,,,,2.5,0.3,,-1.6,0.9,,,,,
,Dec-17,40.1,0.4,41.0,-0.4,7.4,0.2,4.4,0.2,,,,,,2.1,-0.4,,-0.9,0.8,,,,,
2018,Jan-18,40.3,0.2,41.4,0.4,7.4,0.0,3.4,-1.0,,,,,,2.3,0.2,,-1.1,-0.3,,,,,
,Feb-18,40.4,0.1,40.7,-0.8,7.7,0.2,3.9,0.4,,,,,,2.7,0.3,,-0.2,0.9,,,,,
,Mar-18,41.6,1.2,40.8,0.1,7.6,-0.1,2.7,-1.2,,,,,,2.5,-0.2,,0.8,1.0,,,,,
,Apr-18,41.1,-0.5,39.5,-1.3,8.2,0.6,3.6,0.9,,,,,,2.5,0.0,,1.5,0.7,,,,,
,May-18,41.8,0.7,39.3,-0.2,8.3,0.0,2.8,-0.8,,,,,,2.8,0.2,,2.4,0.9,,,,,
,Jun-18,41.5,-0.3,39.0,-0.3,8.3,0.1,3.2,0.4,,,,,,2.7,-0.1,,2.5,0.1,,,,,
,Jul-18,38.4,-3.1,39.3,0.3,9.1,0.8,5.1,1.9,,,,,,2.8,0.1,,-0.9,-3.4,,,,,
,Aug-18,38.8,0.4,38.7,-0.6,8.3,-0.8,5.8,0.7,,,,,,3.0,0.2,,0.2,1.0,,,,,
,Sep-18,39.2,0.4,37.4,-1.3,10.0,1.7,4.9,-0.9,,,,,,2.9,-0.1,,1.8,1.7,,,,,
,Oct-18,40.3,1.1,37.9,0.5,8.3,-1.7,4.6,-0.3,,,,,,3.2,0.2,,2.4,0.6,,,,,
,Nov-18,38.3,-2.0,38.0,0.1,8.8,0.5,5.5,0.9,,,,,,3.5,0.3,,0.3,-2.1,,,,,
,Dec-18,38.8,0.5,37.7,-0.3,8.9,0.1,4.6,-0.9,,,,,,3.9,0.4,,1.2,0.9,,,,,
2019,Jan-19,38.3,-0.5,37.7,0.0,9.3,0.4,5.5,0.9,,,,,,3.3,-0.7,,0.7,-0.5,,,,,
,Feb-19,39.8,1.5,34.7,-2.9,9.7,0.4,5.0,-0.5,,,,,,3.3,0.1,,5.1,4.4,,,,,
,Mar-19,37.2,-2.6,34.4,-0.4,9.4,-0.4,6.4,1.4,,,,,,4.1,0.8,,2.8,-2.3,,,,,
,Apr-19,27.4,-9.8,31.6,-2.7,8.9,-0.5,5.1,-1.3,,5.2,,12.6,,4.2,0.1,,-4.3,-7.1,,,,,
,May-19,23.0,-4.4,27.8,-3.9,14.7,5.7,2.5,-2.6,,2.9,-2.3,18.3,5.7,5.4,1.2,,-4.8,-0.5,,,,,
,Jun-19,21.7,-1.3,23.0,-4.8,19.1,4.5,0.9,-1.6,,0.5,-2.4,21.6,3.3,7.6,2.3,,-1.3,3.5,,,,,
,Jul-19,27.1,5.4,24.7,1.7,18.2,-0.9,0.8,-0.2,,0.3,-0.2,17.0,-4.6,6.3,-1.3,,2.4,3.7,,,,,
,Aug-19,32.8,5.8,24.3,-0.4,18.2,-0.0,0.5,-0.3,,0.2,-0.1,13.0,-4.0,5.5,-0.8,,8.5,6.1,,,,,
,Sep-19,32.3,-0.5,24.6,0.3,19.5,1.3,0.6,0.1,,0.1,-0.0,13.1,0.1,4.3,-1.3,,7.6,-0.9,,,,,
,Oct-19,36.4,4.1,25.6,0.9,17.4,-2.1,0.5,-0.1,,0.1,-0.1,11.0,-2.1,3.9,-0.4,,10.8,3.1,,,,,
,Nov-19,41.4,5.1,30.2,4.7,14.7,-2.7,0.2,-0.2,,0.1,0.0,5.3,-5.7,3.2,-0.7,,11.2,0.4,,,,,
,Dec-19,43.1,1.7,33.2,3.0,12.0,-2.7,0.2,-0.0,,0.0,-0.1,3.0,-2.3,2.8,-0.4,,9.9,-1.3,,,,,
,GE,44.7,,32.9,,11.8,,,,,,,2.1,,2.8,,,11.8,,,,,,
2020,Jan-20,,,,,,,,,,,,,,,,,,,,,,,
,Feb-20,,,,,,,,,,,,,,,,,,,,,,,
,Mar-20,,,,,,,,,,,,,,,,,,,,,,,
,Apr-20,,,,,,,,,,,,,,,,,,,,,,,